recruiter_id, recruiter_password, recruiter_name, recruiter_contact, recruiter_email, recruiter_company
1, UIjMFKR6plca0ecf, Pratibha Iqbal, 9579541054, pratibha.iqbal9@deutsche.com, 80
2, PtQTExvAAY5FDa8I, Priyanshi Meena, 7294783510, priyanshi.meena27@threesides.com, 328
3, srRGaWJMUqN9TSwQ, Sadiq Joseph, 8826331603, sadiq.joseph73@silabs.com, 300
4, f005JnvPq4Rm1vfR, Hasni Maddipatla, 9971813501, hasni.maddipatla78@seimens.com, 294
5, JX79Bam4sAwUlpft, Surajit Kishor, 9742472386, surajit.kishor69@dremio.com, 88
6, hBIOCIH4TLGxx3Kz, Divakar Theratipally, 9533651685, divakar.theratipally32@edge.com, 91
7, rO4cBTj7eGuCWJsK, Pushkar Vishwakarma, 8897824851, pushkar.vishwakarma43@ava.com, 39
8, EQkPh9F5A2VjbonJ, Vertika Lakhmani, 8839897838, vertika.lakhmani81@rebel.com, 277
9, 99qYTtn4QCGJfhq8, Prasoon Chawla, 8406738690, prasoon.chawla54@ntt.com, 238
10, 4HDyEoRfMNHdwCRw, Saket Gaikwad, 7556874963, saket.gaikwad64@javis.com, 174
11, VOaaqzlQH5ndbvzd, Nimesh Selvaraj, 9685159293, nimesh.selvaraj79@aarti.com, 2
12, iBJxdBj1zlYTDN6N, Kartik Mandadi, 7102670926, kartik.mandadi3@myntra.com, 228
13, UTk3MH9MdRxKKnIX, Gaush Kulkarni, 7474949346, gaush.kulkarni76@wells.com, 355
14, N5EwFACi42HuWhDK, Madhuri Ahmed, 8831586007, madhuri.ahmed41@newzera.com, 234
15, 8AAhOKnPLSouVGP2, Saudamini Sitaram, 8526780391, saudamini.sitaram39@quadeye.com, 265
16, rnf7xKOsndb6Ac7z, Ibrahim Nigan, 9912802287, ibrahim.nigan20@the.com, 326
17, msPSYERXeNqPqn4N, Alok Sanwal, 9533704757, alok.sanwal63@walmart.com, 353
18, e45aGOvMeph40tRT, Deepshikha Kar, 8588586037, deepshikha.kar71@plutus.com, 260
19, M4eoKtScttR0MWS7, Sadiq Hosur, 9387635052, sadiq.hosur17@mckinsey.com, 209
20, TkkfBjUNfqDWxYAw, Kushagra Suresh, 8015067821, kushagra.suresh37@stride.ai.com, 310
21, 8mgKcTZfaQKyqT1t, Shubhendu Govil, 8267522415, shubhendu.govil82@fancode.com, 104
22, AJguQcyfbkKp3QKJ, Nishchay Raza, 9835442994, nishchay.raza53@tata.com, 319
23, ZLxml05CExp3BX58, Fatima Hanif, 9020050970, fatima.hanif35@texas.com, 325
24, eFmIVioPQR0vzcH6, Sanskar Parashar, 8406639789, sanskar.parashar5@innominds.com, 167
25, MYc1ywHIqOowGBea, Saddam Jajoo, 9316338288, saddam.jajoo47@advanced.com, 9
26, nDFxj1dg8ajlqvU4, Ayushman Trivedi, 7039717085, ayushman.trivedi95@honeywell.com, 147
27, Cixob1ALrAeFPNBh, Akash Sirohi, 7987466945, akash.sirohi56@cogo.com, 69
28, 0Oy1ZeLIwuh3YOza, Yachna Kansal, 7316183206, yachna.kansal13@fiserv.com, 113
29, QaBLtbhFEDEytpuB, Kaushambi Choubey, 7374832938, kaushambi.choubey52@agnikul.com, 10
30, VRhUmoAnqwVbFCdw, Arnab Oswal, 9428164799, arnab.oswal96@times.com, 329
31, 7WX2KdjvXgN8D9kR, Harsh Chauhan, 9569841393, harsh.chauhan84@vimaan.com, 349
32, pAnWvzjhF6hjmbZp, Shabaj Barman, 7969575977, shabaj.barman85@cirel.com, 66
33, 1ymXwieiyZFzbUbm, Swarag Ray, 8123516902, swarag.ray5@amazon.com, 18
34, CjddNP71pUV7PneI, Kartikeya Machhan, 7040690485, kartikeya.machhan94@navi.com, 231
35, XXdQ2YZCJVoQwpFW, Kundalik Gangwal, 9053722330, kundalik.gangwal33@sulzer.com, 312
36, b3W7EsDDCKJRjhLn, Purnava Chaudhari, 9752820661, purnava.chaudhari82@mckinsey.com, 208
37, Rx1bTgikFzA7nwOR, Ujjwal Azam, 9876875013, ujjwal.azam30@rupeek.com, 284
38, DlDodO07aqLJ5A0A, Surjeet Dikshit, 8881184186, surjeet.dikshit28@nec.com, 232
39, 3wLXFPL5AhIg0UyI, Nilesh Uppal, 8517118550, nilesh.uppal84@intel.com, 168
40, K6dhPMkc7nlGySKe, Maaz Wadhawan, 8564170105, maaz.wadhawan62@maverick.com, 206
41, gN2qTSLRL4wiXSyr, Yeram Rizwan, 8197714406, yeram.rizwan58@aptiv.com, 25
42, LkR4qFWuv2NkHgSS, Tanu Kanojia, 7044786584, tanu.kanojia39@searce.com, 292
43, RDqyglCQmyqTnx35, Bibhu Aggarwal, 8560287003, bibhu.aggarwal2@shell.com, 297
44, ocoB4JTIbJE7vN4T, Sreekanth Prasad, 8517834373, sreekanth.prasad97@jaymahesh.com, 176
45, H9uwFxiRsmla5CXK, Jyoti Chirag, 9383205509, jyoti.chirag62@ceremorphic.com, 64
46, SSCnPBpwVpSzLWcQ, Kapil Mukherjee, 7682644688, kapil.mukherjee15@fare.com, 105
47, tceZmxzvQjhg9th6, Vidit Singh, 9175108651, vidit.singh52@barclays.com, 45
48, SWJVLHA0x2qwRfMd, Yashaswi Mahajan, 8834891367, yashaswi.mahajan3@eightfold.ai.com, 94
49, zTqXKZ3dkZrr6GgE, Amrutha Madala, 8768920314, amrutha.madala48@groww.com, 133
50, 1ReDW2eVgPjC0uF4, Sadiya Barman, 8597540019, sadiya.barman86@gulftalent.com, 134
51, 6IxQMKdxGHhpopjm, Mahato Shivagauri, 8693666227, mahato.shivagauri7@saavn.com, 285
52, tWNCQ1B9RQmA6164, Saravanan Kalra, 8470576752, saravanan.kalra58@bombinate.com, 49
53, IhcK9Kz78odkS7M2, Sivaganesh Bais, 9169377427, sivaganesh.bais31@meghe.com, 214
54, y2rafcTtQ19392Cc, Kushan Kannaujia, 9752076532, kushan.kannaujia83@mentor.com, 216
55, AfBGfhmNrMO5AS5z, Ritu Ritikesh, 9412618412, ritu.ritikesh5@ai.com, 12
56, wRmgwQs5wTKz3udi, Elamathi Jagaragallu, 8475239488, elamathi.jagaragallu96@au.com, 33
57, J10MdO46o3BWO9Xf, Saksham Anupama, 9254709523, saksham.anupama16@logixal.com, 198
58, zA3AJR8gfov8ssCC, Jahnavi Baliga, 7790195890, jahnavi.baliga16@applied.com, 23
59, vhQIV6QbfwrAEatn, Roshan Quraishi, 7654955543, roshan.quraishi26@uipath.com, 340
60, OIojgPe8Gy45Za9S, Nikhil Trivedi, 7274203263, nikhil.trivedi41@airbus.com, 13
61, jOxfBQ8oprR84ZPX, Shresth Mahawar, 8907291688, shresth.mahawar80@rakuten.com, 272
62, tYzrGv5SkyhmOFep, Munthala Shandilya, 7971786816, munthala.shandilya66@bajaj.com, 43
63, sQac7ZkfDAcZ0sDZ, Suprabha Yamala, 8301252146, suprabha.yamala25@falkonry.com, 102
64, 3roc7gaiKy4q9OVa, Vibha Indora, 8524977338, vibha.indora37@apt.com, 24
65, T8NvS4bqd5IOz7l9, Kapil Choudhary, 8709170085, kapil.choudhary77@rakuten.com, 274
66, 6F4NOszST8N1gAq2, Prathmesh Chahal, 8110854424, prathmesh.chahal4@quillbot.com, 270
67, 2dovcpA8rSZGjFVd, Saumya Swain, 9565558326, saumya.swain79@zoomifier.com, 361
68, UVSARQvijf6mK0AM, Ranjan Singhania, 8728591339, ranjan.singhania1@blume.com, 48
69, dnfy94LF08umEabf, Kishor Choudhary, 8378561004, kishor.choudhary71@fiitjee.com, 108
70, rKlSvMNRc7JoalmY, Mridul Suri, 7239134840, mridul.suri32@helium.com, 137
71, IrZiDm4LHixbc2sF, Aeman Awasthi, 9964040570, aeman.awasthi98@arthur.com, 28
72, KAgl7GDMAFSDp8dP, Niranjan Dahlan, 7790005610, niranjan.dahlan59@atlassian.com, 30
73, zPnZ3dDqfuXNR5pt, Pankaj Giri, 7150921700, pankaj.giri37@johnson.com, 178
74, F6eQffcbrVBjRiSN, Monica Dhinoja, 9069200729, monica.dhinoja88@amd.com, 20
75, OPR4e23WMeVeCDqx, Sabareesh Nischal, 9023491702, sabareesh.nischal40@citymall.com, 68
76, ddnFoKAXwaiP0eEk, Shrestha Palata, 7195838172, shrestha.palata11@mx.com, 227
77, BBwIL09t45NvuFjY, Abhay Mitra, 8030394551, abhay.mitra9@jsr.com, 181
78, JlNOqDxTg3vEYeBp, Udit Ashraf, 7273641584, udit.ashraf32@accenture.com, 5
79, PMAkxnn0SL8MwQRw, Ravinderpreet Pathak, 7870589813, ravinderpreet.pathak15@alphagrep.com, 15
80, hSkty7xif4OX6Mq1, Arun Shenoy, 7557782044, arun.shenoy4@icf.com, 152
81, Idd9lUMv1OBCAHpO, Sushmita Dhaulakhandi, 7569405887, sushmita.dhaulakhandi28@flow.com, 115
82, HrektoV2FAYcKKy0, Tanay Tanu, 7294888558, tanay.tanu47@toddle.com, 330
83, bdgGn2CRrswjmxG2, Prerna Rauniyar, 7310749397, prerna.rauniyar53@rambus.com, 275
84, EaLrdjT9ssd4Eu0P, Shambhavi Paighan, 8111280602, shambhavi.paighan73@sony.com, 304
85, glCZwWld7TEZiwW3, Furqan Singh, 9951688022, furqan.singh61@ormae.com, 251
86, gjY0BuCheA2pfZkA, Seshikanth Bhriguvanshi, 7039100869, seshikanth.bhriguvanshi42@doubtnut.com, 84
87, FWXyZWa1qoYfmmEp, Abhyuday Chandel, 7269918265, abhyuday.chandel11@beehyv.com, 46
88, G0JFRqGb7AqK8A5E, Monu Chaubey, 9265698516, monu.chaubey2@accelaero.com, 4
89, Z7QUE3TbCVOZ30hm, Aswathy Desabathula, 8630733230, aswathy.desabathula22@mastercard.com, 202
90, I83UALa34CVaE5Z1, Shreyaansh Afsar, 8897650927, shreyaansh.afsar58@trident.com, 332
91, NSehGiQHZJvTfHEQ, Smita Dubey, 8326553455, smita.dubey63@hilabs.com, 140
92, 8N9rXEc4LbaiVBdF, Pradosh Ganapathy, 9495231262, pradosh.ganapathy88@icici.com, 153
93, QA0E9EABvvYZkt5T, Shubhendu Goel, 8687533700, shubhendu.goel96@piramal.com, 259
94, dVw10bqvj6t2cCPc, Souvik Tidke, 8746366841, souvik.tidke87@graphene.com, 130
95, vuh5tg7mPJRNVRXD, Farhan Dhaka, 8600367254, farhan.dhaka16@hsbc.com, 148
96, qAqZoHFSJkZDad3X, Shresth Nagoria, 9023569955, shresth.nagoria43@flipkart.com, 114
97, F7D1DwxlbSZivple, Anubhav Vilas, 9625457100, anubhav.vilas68@hind.com, 142
98, xEDH7sZPR6koMhtd, Ranu Pant, 8431908399, ranu.pant87@games24x7.com, 123
99, 5QdwJ8lfCYJgfpsW, Smriti Malik, 7598699514, smriti.malik39@arjunaa.com, 26
100, qZypnuOltla1jFEp, Kasniya Gupta, 8593997328, kasniya.gupta27@eversana.com, 97
101, VOUotjPLbfuCKYxa, Smita Srivastava, 9118033056, smita.srivastava11@komprise.com, 187
102, 08YuglLoJMGyrawe, Sudhanshu Sonawane, 8870240791, sudhanshu.sonawane48@atyati.com, 32
103, Sx8oe13c5VO2aRiI, Nupur Bapat, 8500708268, nupur.bapat66@oneshot.ai.com, 246
104, 9O7998l73eXbpWSj, Husain Maddipatla, 9789745637, husain.maddipatla9@quantbox.com, 267
105, KKS2AwOe1fyG8055, Srishti Pokhriyal, 9628682509, srishti.pokhriyal27@huawei.com, 149
106, VlLHUMw84lkd9wZh, Rishabh Ahuja, 7181646067, rishabh.ahuja38@brnd.com, 52
107, JEvRL0rH8yP0rYl1, Shrinivas Bhadauria, 9009430149, shrinivas.bhadauria5@merilytics.com, 218
108, u1eqXxalPyctmZI0, Vishwa Gaikwad, 9082674215, vishwa.gaikwad67@colortokens.com, 72
109, CIcZ5FeqkVU5Gk9X, Bhavya Bapat, 7910566348, bhavya.bapat42@ibm.com, 151
110, L4iV7USK4xSbOhFz, Swati Garg, 7933598267, swati.garg87@bank.com, 44
111, 4N2CkL4W4RbnNj4w, Furqan Gayathri, 7182263935, furqan.gayathri79@abacus.ai.com, 3
112, vb1SO1cMhYuJGcyM, Palak Shandilya, 8335322086, palak.shandilya3@hcl.com, 135
113, 6qUHOGd7aJmvclGw, Anavi Panesar, 8129820712, anavi.panesar95@accenture.com, 6
114, rB1Kd5DZLPDbKiJr, Mayank Anand, 7990382886, mayank.anand40@infogen.com, 163
115, j2uxySRoOkmnOKDF, Ayesha Tanu, 7076186193, ayesha.tanu92@abacus.ai.com, 3
116, LYned9C51qvgP8XV, Bilal Manchanda, 7054658084, bilal.manchanda15@company.com, 1
117, UxrdaDx75e5Sbni1, Bhanu Dutt, 8707939895, bhanu.dutt52@hfcl.com, 139
118, uwSsCA7hEpNYVhtt, Goldy Souza, 8709843005, goldy.souza89@reliance.com, 279
119, WbHTVJzcvAjGhJHC, Zaid Tewary, 7096740265, zaid.tewary59@here.com, 138
120, Yr6MAwaUdxn4BU9Q, Subhashis Soni, 7673005269, subhashis.soni74@axxela.com, 41
121, uFBrO4MgGNpuI4Gw, Aashish Dutta, 9628048222, aashish.dutta39@idfc.com, 155
122, kXEfAh2dmko3CcD2, Shilpa Khandelwal, 8808722298, shilpa.khandelwal5@capital.com, 60
123, ZyNVnYrAO6GMoKST, Ashwani Shankar, 9027238097, ashwani.shankar85@ingram.com, 166
124, h9vc1wGvAPk5PLES, Desh Bhalla, 9375265241, desh.bhalla74@teachmint.com, 321
125, mSci5JEm2HjouDgs, Aravind Keshwani, 9526711746, aravind.keshwani26@finiq.com, 109
126, PEDrdRlP0oWWFClG, Khushi Pasupuleti, 8587355565, khushi.pasupuleti8@o9.com, 242
127, MxMIE6qDQp6IRaXy, Nainika Kalra, 7041454251, nainika.kalra42@brigosha.com, 51
128, yDAg60FQJZVIf8HW, Pradosh Chouhan, 7174092595, pradosh.chouhan91@tcs.com, 320
129, MguLJMJIEskJl6yT, Hershit Sen, 9909596758, hershit.sen3@indian.com, 160
130, 99TC7QLl6JHyig2j, Nishant Bhardwaj, 9489456098, nishant.bhardwaj58@autolytics.com, 38
131, qSiSfUWQFknkgTwE, Laxmi Madina, 9338800799, laxmi.madina67@mace.com, 200
132, WVjCPGv11RmUyuHm, Vimlesh Tidke, 7232218265, vimlesh.tidke5@truminds.com, 335
133, 55qgtDloSJ0PX6wj, Chaitanya Saraf, 7936699319, chaitanya.saraf45@advanced.com, 9
134, YtsVGrGAw0ZheLBP, Anand Gaikwad, 7168938475, anand.gaikwad40@jaguar.com, 172
135, gKSEIvSBRY2AHote, Sejal Sengar, 8866222344, sejal.sengar44@mrf.com, 224
136, XRLbNOnPMPgx5AdJ, Amrita Keshri, 7192133085, amrita.keshri87@fis.com, 112
137, kCLrAbiHrmrMYgwa, Reghu Ganore, 9828474958, reghu.ganore43@morgan.com, 223
138, TTzEhQwTFmh3JgMU, Shreepriya Shrivastava, 9699422994, shreepriya.shrivastava8@krista.com, 189
139, fDiAPxJ8dveGX2ZH, Shivin Sivan, 7137337579, shivin.sivan36@indianoil.com, 161
140, IF9bWst0ARL5u6l1, Anupriya Murlidhar, 7658457703, anupriya.murlidhar48@agri.com, 11
141, AryORRgdAGyX6Xqn, Abhisikta Bhardwaj, 9250638200, abhisikta.bhardwaj97@olx.com, 244
142, OsM3qYbpxjviwAiA, Mudita Varma, 9852103824, mudita.varma30@legato.com, 194
143, rh98pE7YCF4wDKbC, Soumya Machra, 7746872657, soumya.machra31@cadence.com, 56
144, 93NzHe52tRa3atYk, Fatima Choudhary, 8297187175, fatima.choudhary37@netcracker.com, 233
145, JhS4yL3srvfzgKSF, Kalapu Madina, 9651554325, kalapu.madina43@perceptive.com, 256
146, EynTWfDN3VByxx9H, Jamir Joseph, 8988638735, jamir.joseph4@pristine.com, 263
147, nu9gh1r8D0cr1Uij, Abhedhya Wanve, 9778280881, abhedhya.wanve59@leo.com, 195
148, ZMNqOhTQs3INhmCv, Ekta Dhaka, 9693823505, ekta.dhaka85@blackstone.com, 47
149, HCrKbGpcnKmdlj0o, Aadharsh Ganguly, 9783494045, aadharsh.ganguly3@infurnia.com, 165
150, CBfEMuxZ8xuawDNz, Jyotsana Manna, 7631544972, jyotsana.manna57@dr.com, 86
151, m3SUhy9O9zKPU1zk, Sharuk Sutariya, 7146986620, sharuk.sutariya23@upstox.com, 346
152, RWSSPRQa7oBHxd3B, Ashish Bhukya, 7646803018, ashish.bhukya67@hilti.com, 141
153, QElkwDdzihTDlzI6, Stuti Sasidharan, 8999226864, stuti.sasidharan2@sedemac.com, 293
154, AUfgF4BHNRGzkdCT, Sivaganesh Pal, 7163053193, sivaganesh.pal68@sandvine.com, 289
155, MqkLkufWwHm8CgwI, Akarsh Chouhan, 7745395773, akarsh.chouhan50@groupon.com, 132
156, Jwaxh3M9ahCMvs3e, Nandini Bhorkhade, 8990436178, nandini.bhorkhade24@paypal.com, 254
157, HWSkFycqbJiUF1Jv, Chandrashekhar Das, 7844419786, chandrashekhar.das55@samsung.com, 288
158, KsoB4CnD4kxQgJmf, Naziya Machhan, 8898656624, naziya.machhan68@standard.com, 308
159, 2uCgVwQVjSN2qNVu, Sadiya Sen, 9978058771, sadiya.sen87@goldman.com, 128
160, hfwv5NHPnimLvTps, Rizwa Baliga, 9172641211, rizwa.baliga5@google.com, 129
161, OPZUoUb7qvOiaNZx, Chirag Bistagond, 8314371236, chirag.bistagond51@qualcomm.com, 266
162, vVk9H8xZ86s4T5kK, Sawan Motwani, 9085452759, sawan.motwani71@snapwiz.com, 303
163, ZMEMyL4v53mePw0V, Majaz Bapat, 8827623336, majaz.bapat80@boston.com, 50
164, 1b2diXumAsZODYCc, Shashank Bhushan, 9795502717, shashank.bhushan54@rakuten.com, 273
165, 8VGSSNdHVDM2XWX8, Sugathan Rawlani, 8984122234, sugathan.rawlani21@agnikul.com, 10
166, MLOYSetPIll6pZmG, Anurag Arora, 8437766785, anurag.arora24@nvidia.com, 240
167, p3xcDdE0NBag6QcS, Aqib Aishwary, 8203309147, aqib.aishwary72@axtria.com, 40
168, cu5Hbx9USvmmYLKm, Sakshi Priyadarshi, 7655759340, sakshi.priyadarshi26@browserstack.com, 53
169, QHESPlfx1rKIwx8Y, Anubhuti Jay, 8745845971, anubhuti.jay67@graviton.com, 131
170, LrHR79FlCECr0nF5, Nashra Athar, 7983342992, nashra.athar46@delightful.com, 79
171, nbwBEOmzsXgITXYI, Harsha Bapat, 9339252621, harsha.bapat51@alvarez.com, 16
172, djibH7K62Oy0mK43, Priyanka Pradhan, 8409716134, priyanka.pradhan76@medibuddy.com, 212
173, wCbbJPcak6J7K13w, Sugathan Balkoty, 7027353835, sugathan.balkoty38@micron.com, 219
174, 3034X6BQLPYi14KF, Mudit Barai, 7231546003, mudit.barai62@kla.com, 186
175, xfIp1gTIY2YonYlT, Utkarsha Oswal, 9503552779, utkarsha.oswal32@infosys.com, 164
176, Vzi9XFlmc6BZy9dz, Babitarani Deo, 8199855207, babitarani.deo11@hindustan.com, 143
177, qatcrte5wtuWzCQZ, Shariq Parul, 9667212681, shariq.parul53@praxis.com, 261
178, jxwLamQ6AruluDf7, Anadi Dhaulakhandi, 9335571092, anadi.dhaulakhandi40@arpwood.com, 27
179, GYDu3sOPYhxWzuJw, Praveen Kashyap, 9389397777, praveen.kashyap36@kotak.com, 188
180, mAqOeq6xcFKIgJhS, Manu Garg, 9093980799, manu.garg95@cardekho.com, 61
181, 9Pp6A0QbcQkDcA9d, Roshan Lakhmani, 9124297016, roshan.lakhmani75@selec.com, 295
182, 8mlES8cCDnMttjH8, Rajat Khokhar, 9761231010, rajat.khokhar38@factwise.com, 101
183, q1R7lAqQsDF9mDiY, Palata Navas, 8283306926, palata.navas18@honda.com, 146
184, MTKxiGeMVGF2AKoe, Hartesh Dudeja, 7216578133, hartesh.dudeja83@upl.com, 345
185, D07OIOtYpihVCUqo, Naziya Saraswat, 9165654356, naziya.saraswat82@cargill.com, 62
186, b27D0HtZKsKR3a0L, Som Chhateja, 9352723095, som.chhateja10@alvarez.com, 16
187, E8f1gx2asz24acdn, Rajendra Priya, 7974207883, rajendra.priya84@al.com, 14
188, dPn1KBBC4VcX6uYa, Shashwat Rai, 7603536179, shashwat.rai4@spacexview.earth.com, 305
189, xz2vHljI7nqqSotS, Sanjana Shrivastava, 7805915922, sanjana.shrivastava2@centre.com, 63
190, mdd3FisoevIMMKg1, Ramakrishna Ahamad, 7284540195, ramakrishna.ahamad30@esri.com, 96
191, qAqMkSpt49FmeMUP, Ayush Kulal, 7529863928, ayush.kulal2@testbook.com, 324
192, 7CbcgYU4Gzpuxq8S, Devbrat Anand, 9245155968, devbrat.anand73@airbus.com, 13
193, 1FHGGTNFMEBPcB5n, Swarag Maddipatla, 8502190394, swarag.maddipatla13@steradian.com, 309
194, jnz5EXej4GRAuGef, Rama Chandran, 9679673525, rama.chandran38@orbees.com, 250
195, 4d1trwl2OuO271hE, Hemavarun Kaushik, 7154819248, hemavarun.kaushik92@fujitsu.com, 120
196, YbQLWy6SpzIfifdY, Subash Dhamane, 7383577495, subash.dhamane89@aarti.com, 2
197, M2Q4qssulOxKgRQ3, Nethaji Hanul, 7665517495, nethaji.hanul45@futures.com, 122
198, gXt5jrKBG7cYCqlF, Shaileja Kannaujia, 8750895919, shaileja.kannaujia6@capgemini.com, 59
199, UTTrAyybXlNl4syz, Madan Asthana, 9852850330, madan.asthana92@kepler.com, 185
200, 1cP5z8r4kwaXaUbK, Abhijit Gond, 8450524795, abhijit.gond23@media.net.com, 210
201, tRQxsOEfSx4dovDX, Nainika Ali, 7006961977, nainika.ali41@vvf.com, 352
202, j2B2PzeU4ZJCNikp, Tuhin Manchikanti, 9514137009, tuhin.manchikanti54@one97.com, 245
203, G8cX3x8SsXqm33p4, Karan Dinu, 7456106012, karan.dinu33@jay.com, 175
204, Tpvu0QfguBqC1zUp, Shreyansh Azmi, 7882209598, shreyansh.azmi97@menon.com, 215
205, 1Gx8wF2oHcwUTUB8, Anubha Jassal, 9454512836, anubha.jassal48@josh.com, 179
206, dnTZFj0Dr61FB6Hf, Vipin Ganguly, 9406365870, vipin.ganguly71@coupa.com, 74
207, 9LGAFTcKRx9bB4SA, Shreyans Bhorkhade, 9653615984, shreyans.bhorkhade63@meesho.com, 213
208, nDgOLk1oyJWfBJVk, Pranav Yaddanapudi, 8859158807, pranav.yaddanapudi10@oppo.com, 247
209, pW8eAEY3qfyqwmM3, Shailendra Khan, 7210725573, shailendra.khan14@spectrum.com, 306
210, ViBpOa0Hc3VFs1Sv, Shubhanshi Sah, 7251328828, shubhanshi.sah26@vmware.com, 351
211, tcWMc4vcvSyHfgcX, Sriansh Jadhav, 8243607366, sriansh.jadhav42@nxp.com, 241
212, 7OmzerbXjGK4aikd, Areeba Saini, 9170177919, areeba.saini73@world.com, 358
213, 4qLMdjMJvU0qbMSw, Amita Saini, 9773538951, amita.saini53@unacademy.com, 341
214, UA3nP61p8qx6bJpg, Ashay Singhal, 9911935707, ashay.singhal6@lowe's.com, 199
215, M88a8GZu3sScnrBm, Amaan Rastogi, 9460390749, amaan.rastogi55@xilinx.com, 360
216, WRLgCbh6omP3yXvr, Riya Hasni, 9276627473, riya.hasni11@john.com, 177
217, Qzpp0ggMCQDcxHwN, Radhika Jhindal, 8453239909, radhika.jhindal43@mediatek.com, 211
218, TMA0rKRv3XzGt8P7, Suyash Sanwal, 8523130858, suyash.sanwal36@sprinklr.com, 307
219, AP1faQp5T3lNKkt4, Divyanshi Mahankali, 9295957043, divyanshi.mahankali89@schlumberger.com, 291
220, oDv2D3wfVPRWG70l, Gaush Roy, 8060755386, gaush.roy36@cyber.com, 77
221, FT8QF3mHxmbY1CUE, Atishay Jagtap, 9907465156, atishay.jagtap96@tvarit.com, 336
222, bEdlIiuecJtDv7jk, Shahansha Malik, 9187721788, shahansha.malik75@adloid.com, 7
223, 1dutr4Onqrzx0hq7, Mahi Waseem, 9657147805, mahi.waseem42@general.com, 124
224, XK2DBmFnDuGb1xWI, Kaushiki Dutt, 9988222194, kaushiki.dutt27@quicksell.com, 269
225, 6fEML2P0aTXYgNVi, Neelesh Pawar, 9595513616, neelesh.pawar38@alphagrep.com, 15
226, f9p2j6EfiPNylci6, Jagriti Nath, 8584815976, jagriti.nath33@property.com, 264
227, TDlJZ0WgRbMmSBRa, Nawaz Israni, 8902416683, nawaz.israni71@slice.com, 302
228, YKulzSfgHyZre4at, Amisha Shokeen, 8168184008, amisha.shokeen66@amagi.com, 17
229, fWMwqQtUaDzn0ahq, Divyanshu Murlidhar, 8060286962, divyanshu.murlidhar73@subedar.com, 311
230, mUwoBLOwag06prCB, Suraj Mahapatra, 7954612462, suraj.mahapatra30@citi.com, 67
231, U8hsQPVvpZlQuK5L, Ifra Hasnain, 8988333226, ifra.hasnain46@ubisoft.com, 338
232, mFOq9GJwNpUQlnBL, Ashwini Khandelwal, 9720736671, ashwini.khandelwal34@eduhap.com, 93
233, hwGiluKC3L2ahOXC, Ayush Solanki, 7309325489, ayush.solanki86@oracle.com, 249
234, 0tGIxxVU6o7WRzVR, Nagamani Gehlot, 7775198976, nagamani.gehlot35@first.com, 111
235, HKkG7rxjplLDjdkz, Dhairya Paul, 9524977136, dhairya.paul86@synergy.com, 314
236, RDC7LVbnuUbfJ7Vg, Vineeta Masood, 7537393551, vineeta.masood41@siemens.com, 298
237, RmRaPC3zqK5gCtwQ, Rituraj Sugathan, 9577655567, rituraj.sugathan68@winzo.com, 356
238, znSQ7wipAMCmUnGn, Chiranjeev Gaur, 9812184203, chiranjeev.gaur7@reliance.com, 278
239, HyZVLhcmBDQjb0wG, Surajit Bansal, 8579390453, surajit.bansal74@hoc.com, 145
240, 9dinrCOyZAgvYKdj, Jamir Zehra, 7658325781, jamir.zehra55@technoforte.com, 322
241, u3JkoQuzv1A03INd, Vishwanath Kanchapu, 7085889417, vishwanath.kanchapu65@mathworks.com, 203
242, 9wbmyrpXh62vWqoq, Khushboo Meharda, 9795738686, khushboo.meharda85@edgeverve.com, 92
243, oC3IEydZDrz0nB2C, Pritha Dasila, 9191148975, pritha.dasila75@adloid.com, 7
244, 7LDTlPl6FxvulVsR, Jyoti Teja, 8694872548, jyoti.teja78@sharechat.com, 296
245, oi85or6jZBx4Zw8K, Gurjot Narayan, 8683945443, gurjot.narayan31@cubastion.com, 75
246, 7J9WoNNz5ElXGd8L, Sankalp Arora, 9828557203, sankalp.arora55@murata.com, 226
247, cILzQ3DMASDOaBOT, Jenamani Rajak, 9769423720, jenamani.rajak47@fast.com, 106
248, EzU3im20FtqOGl9T, Siddhant Hansdah, 8304479269, siddhant.hansdah37@vantage.com, 348
249, FUGOOUBapS1H2Xt4, Viraj Chaudhary, 8761440446, viraj.chaudhary72@jaro.com, 173
250, mHPN8GrqXNkcpO1l, Virat Baddur, 7542322516, virat.baddur12@ria.com, 280
251, Mc4FDQIWqQisGIfL, Ishita Malhotra, 7851158196, ishita.malhotra3@kanan.com, 182
252, EoyKPkl3UYcguiZm, Siddhant Dhaulakhandi, 7156171811, siddhant.dhaulakhandi83@unistring.com, 343
253, cGwHYQm3Tft44Gbj, Prachi Meena, 9714294791, prachi.meena57@general.com, 125
254, Idy6lw7CqbDHMqKE, Divyanshi Suman, 9569379995, divyanshi.suman85@optym.com, 248
255, PI4nS140l4eB79eJ, Sudhanshu Ali, 7383891953, sudhanshu.ali50@worldquant.com, 359
256, tOYj6bm6uFfHvSqi, Faizan Mahmood, 7005776016, faizan.mahmood76@vamstar.com, 347
257, X5NYeBk5GzbDSWLt, Arushi Indora, 8004727518, arushi.indora6@invygo.com, 169
258, lP9ofEpcWK712gik, Rekha Narala, 9522524357, rekha.narala95@linecraft.com, 196
259, lDIUkaFrkhr7whHb, Aamra Maurya, 8157473940, aamra.maurya49@glean.com, 127
260, HnngbxFv9lMlTlGp, Nemi Asthana, 9878185721, nemi.asthana21@american.com, 21
261, Cn7xviv24kXNTCfz, Anita Jauhari, 7007078306, anita.jauhari13@uniorbit.com, 342
262, Dsohyr5FQ8xwHSMP, Ifra Mehta, 7520786764, ifra.mehta10@i3systems.com, 150
263, UO9NAUL4H5ofc9FD, Deepak Bhushan, 9795504662, deepak.bhushan56@pepperfry.com, 255
264, HGqHhMRwF2NL5Xbu, Agrim Anupama, 7323174911, agrim.anupama29@cohesity.com, 70
265, Nwxw9bdNcWeXuycD, Purnava Venkateshwaran, 9352980259, purnava.venkateshwaran79@aura.com, 35
266, M48meRpl6v3wxOS2, Gnaneswar Dikshit, 9634135596, gnaneswar.dikshit65@mu.com, 225
267, HmjngrSyZcAiNV92, Nisha Paul, 7293973537, nisha.paul44@fsg.com, 118
268, 6Y9aS2hDeNzBWgjM, Adil Kanchhal, 8373229868, adil.kanchhal83@calance.com, 58
269, ZR5d5PIVtx8nGReU, Akarsh Adhaulia, 8754737994, akarsh.adhaulia35@uolo.com, 344
270, dpjyOWeKYeBRpPeX, Tejas Majeed, 8425493191, tejas.majeed1@quintics.com, 271
271, GcflKkJWK15OC9l5, Navodit Bhat, 9229395983, navodit.bhat12@bain.com, 42
272, vpO7cFLA78kIf7uh, Pranjali Awasthi, 9124219870, pranjali.awasthi91@trilogy.com, 333
273, X6hd8dXmzjiq9BTZ, Rupanjali Mani, 8740551227, rupanjali.mani74@mercedes.com, 217
274, FTj2BtMCGWOZ2AUs, Shubhkarman Bhriguvanshi, 7551708866, shubhkarman.bhriguvanshi41@coindcx.com, 71
275, 85ICZt0KBWxqatXM, Purnava Pant, 9703262811, purnava.pant50@fcs.com, 107
276, fvH6Vxc1XPvJZywT, Sanket Chahal, 8273408908, sanket.chahal60@trantor.com, 331
277, dE5qukVENnywuZwl, Sugathan Ansari, 7933835591, sugathan.ansari16@itiviti.com, 171
278, t5V0TMhB26JYFjGb, Arpit Bapna, 8345580772, arpit.bapna28@sigmoid.com, 299
279, lg82iGaSx1f39gPP, Arunlal Adhaulia, 9301729347, arunlal.adhaulia60@l.e.k..com, 192
280, waFPFwmEyNJncaxQ, Kishore Kannaujia, 8829915777, kishore.kannaujia27@aurigene.com, 36
281, FTlcm28GITbhS2cd, Akansha Dikshit, 7448760696, akansha.dikshit80@true.com, 334
282, vLVTGIrSFiEOarvr, Abhinav Samaddar, 9588483557, abhinav.samaddar7@amnex.com, 22
283, 2ugGr5qKyEY4aNmH, Sai Govil, 9096780376, sai.govil23@robert.com, 283
284, 7ouZ2QRmLlUZ7UyW, Rehman Nischal, 7120670600, rehman.nischal64@fn.com, 117
285, 8UrfjO87hfiU4akW, Ramandeep Inavolu, 8003933619, ramandeep.inavolu38@indeed.com, 159
286, hEiKJtBoxULyjl2A, Archi Waybhase, 9164381737, archi.waybhase16@kearney.com, 184
287, XkM1BLkUz2pbum6j, Prathmesh Sahai, 7525411177, prathmesh.sahai59@uber.com, 337
288, oo4DsqxmmFdguNHR, Chinmay Bugalia, 7471345662, chinmay.bugalia1@genpact.com, 126
289, 2jbYh2tklLngbR6s, Sugathan Sachan, 7087435726, sugathan.sachan64@enphase.com, 95
290, kO4hslGpPPtuvvAR, Aryan Ahmed, 8959770081, aryan.ahmed75@pandit.com, 252
291, MsRD8WVSOGf8kslX, Vengatesh Pattnaik, 8909998918, vengatesh.pattnaik80@matrimony.com.com, 204
292, vINQsaPC1AcimJa2, Rishav Parihar, 7464675346, rishav.parihar35@hitachi.com, 144
293, GqD9bBXrmqMbaU6G, Mahima Darshan, 9780338658, mahima.darshan29@swiggy.com, 313
294, n3AlIWF7OFJQKVXQ, Tarique Lockwani, 7883930460, tarique.lockwani46@digit.com, 83
295, cWfBnlxsqSntBaVv, Inabat Bhatt, 8164881195, inabat.bhatt43@skeps.com, 301
296, paFN4oiBz7Dsqtd4, Sameer Jagtap, 9391869156, sameer.jagtap52@agri.com, 11
297, rUXJMuI9JVCRXW1g, Vishesh Gautam, 7648868899, vishesh.gautam89@safe.com, 286
298, Cwx4otHbNX86OODq, Aakash Sen, 9300641813, aakash.sen29@dpworld.com, 85
299, spNEqEq8zvIzekwF, Mukul Gond, 9325427532, mukul.gond3@fundwave.com, 121
300, m86R1eKy9mP1Dss4, Aviral Aenugu, 8215057093, aviral.aenugu38@karza.com, 183
301, 2LFkkHv7BU7sTpf0, Vagisha Pareek, 8444702594, vagisha.pareek77@ifm.com, 156
302, it2WlmfgiS9P0w3y, Chetna Machhan, 8439883986, chetna.machhan20@richpanel.com, 281
303, 5bXidEUasw84J7IR, Ganesh Shah, 8504487066, ganesh.shah74@paperpedia.com, 253
304, BFfjRvqlAbMp3ftD, Arish Guha, 7718150885, arish.guha64@decimal.com, 78
305, ZHuSdk0VyKY70T9N, Debanjana Patra, 8835167204, debanjana.patra80@dream.com, 87
306, JdeYFIUXNKdjmiJZ, Prakhar Upreti, 8826081563, prakhar.upreti66@dhani.com, 81
307, 7Ckh0ZKepm4GTVzu, Poornima Bugalia, 8982492705, poornima.bugalia27@ola.com, 243
308, EOldXhdIxK3R8ZoX, Shakkil Goswami, 9558975787, shakkil.goswami85@lambda.com, 193
309, 6XKQNNevoV9yI2YR, Ankur Sain, 8352865841, ankur.sain5@indus.com, 162
310, 4b6VygLLBSdkNI26, Zeal Iqbal, 9489218424, zeal.iqbal36@tata.com, 317
311, jlTWnKLIKLM1RKGs, Vengatesh Juned, 8880726015, vengatesh.juned69@fuji.com, 119
312, JYnL8DvhUV5cIUtm, Aakriti Kukreja, 9512282903, aakriti.kukreja19@byju's.com, 55
313, 3JlYR1GsvTOUocUV, Anjali Panghal, 7787320841, anjali.panghal40@wipro.com, 357
314, Ztgz3wYftXTXC2dF, Prabhjot Sahai, 8005072366, prabhjot.sahai76@quasistatics.com, 268
315, tzvlvIRXugb89fLu, Abhimanyu Jha, 8697331276, abhimanyu.jha5@razorpay.com, 276
316, GB5fat1siRwlEXHz, Mubasshira Kaushik, 8020074256, mubasshira.kaushik27@amazon.com, 18
317, FilB8W9TYK7k1E8W, Sushil Zope, 9300998767, sushil.zope93@udaan.com, 339
318, 08T8gWPEJRQvtbDM, Namrata Mehta, 8885062054, namrata.mehta2@linkstaff.com, 197
319, xpcWRSkI2lUX3Vcu, Siddhesh Veerepalli, 8792964862, siddhesh.veerepalli52@bukukas.com, 54
320, rnz0tOo5chMw4oKf, Jyoti Karkhele, 7861399399, jyoti.karkhele86@amazon.com, 19
321, sTrVnAgjlogw0QGU, Kalindi Kukreja, 9224566109, kalindi.kukreja23@exxonmobil.com, 100
322, R0NtoUidwimhjD04, Anurag Pal, 8198446185, anurag.pal57@atomberg.com, 31
323, 9i2E8TpcbzAYe3pl, Dimpal Chandran, 8859041046, dimpal.chandran85@adobe.com, 8
324, XQT2XifoCAsLs7IT, Vipin Shahid, 9785701362, vipin.shahid74@eaton.com, 90
325, GKXanrm2uvDyo6Os, Sravan Waseem, 7681393161, sravan.waseem23@ikigai.com, 157
326, GJw2aLYQfT8VQoD2, Rishiraj Rai, 9576100527, rishiraj.rai45@auctus.com, 34
327, ZntGsNEigEmoNUPE, Hershit Kasera, 8370196504, hershit.kasera33@astrome.com, 29
328, MDEIUTTMdVg3Zc2M, Aayush Malik, 8427129724, aayush.malik32@impact.com, 158
329, Y54tVGbawXbsf0Qj, Geeta Anam, 7061298595, geeta.anam74@hdfc.com, 136
330, RPrW5SiRuRxIEIeB, Parijat Saxena, 7882510802, parijat.saxena2@accenture.com, 5
331, jBDNDk3t42zWvyWX, Bhoopendra Shah, 7561091478, bhoopendra.shah26@nobroker.com, 237
332, 8iQhhT7f2sS0xpld, Manas Motwani, 8706563886, manas.motwani58@wcb.com, 354
333, fXO3tBhdp3VXCpBD, Zahed Behuria, 9457510255, zahed.behuria97@al.com, 14
334, ClZccC5plER60xWq, Anunay Shoaib, 8188791732, anunay.shoaib66@curadev.com, 76
335, VBgh6UJ3oVJWDLUx, Mahato Sura, 7315994327, mahato.sura97@sysmex.com, 315
336, TsVRBVgh0oa0j9pH, Rajamani Ganore, 8886431281, rajamani.ganore8@mckinley.com, 207
337, RoqtHmgAIWRqMj0G, Simran Parul, 8287757955, simran.parul63@adobe.com, 8
338, dESC4U6ggB45syvV, Parul Atri, 9156861578, parul.atri1@dhl.com, 82
339, qDMog0GF1kaTU6zt, Mohandas Kwatra, 7353167980, mohandas.kwatra49@niyo.com, 235
340, IyNbdpwnv9CMRTdZ, Abhedhya Jose, 8114908990, abhedhya.jose54@millennium.com, 221
341, 68tBmV3G5YIkjdp7, Sivaganesh Balot, 7052808713, sivaganesh.balot54@nation.com, 230
342, 4etXiWx2rHWBDYZN, Shivangi Ansari, 8107060232, shivangi.ansari6@thirdai.com, 327
343, lF8Hfr59hkf5zTyG, Anuraktika Barnwal, 8849990409, anuraktika.barnwal77@microsoft.com, 220
344, CmKCfUpOJGwQRILd, Snigdha Machhan, 9977611454, snigdha.machhan71@taiwan.com, 316
345, VJIqv2W48kltTOgd, Rishika Ashraf, 7317843806, rishika.ashraf39@samsung.com, 287
346, 1XCUQWOlZ5xm7HSe, Aravind Kashyap, 8231762413, aravind.kashyap32@napcloud.com, 229
347, oDQloFr4hbmLaPVX, Shivam Zaidi, 8360581938, shivam.zaidi47@pingahla.com, 258
348, DF2A2osxW5RdyvQD, Vidhi Jeykumaran, 7140668307, vidhi.jeykumaran84@phable.com, 257
349, Xg08Ty07iPJbIvWN, Rishab Mahmood, 8573034048, rishab.mahmood60@zs.com, 362
350, 8ptwWD2KXGon5uvq, Noopur Nath, 9345221591, noopur.nath56@virohan.com, 350
351, BaeAXiDz1OYAyvYq, Aakash Ranjan, 7647051812, aakash.ranjan71@nk.com, 236
352, yyCqIcnmzdHKglUV, Bhavesh Kanchhal, 9644792969, bhavesh.kanchhal33@auronova.com, 37
353, mXrINEDMzIfPh5FS, Anuj Vaish, 7341112882, anuj.vaish80@flyfin.com, 116
354, BQwBaHR18vy32we9, Anshu Deo, 8001099965, anshu.deo7@accenture.com, 6
355, N5wStzjQ5EEMIlIx, Niteesh Chaurasiya, 8344851017, niteesh.chaurasiya96@tata.com, 318
356, lhOYIcUBKKIC4YvJ, Vishwas Arora, 9874862374, vishwas.arora84@amagi.com, 17
357, A2FZZZ2qdwBeGPJv, Anshuman Palata, 7346321735, anshuman.palata4@cairn.com, 57
358, 26iLP8xizOQOVmnL, Aniket Putta, 7900407834, aniket.putta32@chalo.com, 65
359, QpUXxSXDc2YulWXq, Mahek Vaishnavi, 8000216491, mahek.vaishnavi10@company.com, 1
360, AVRNwn59L4NVUeYQ, Shivansh Ghosh, 9686707511, shivansh.ghosh47@sap.com, 290
361, IL19yyNRQLZf9dYa, Anupriya Machra, 7971135630, anupriya.machra26@pricewaterhousecoopers.com, 262
362, 5OpP7HjRYqtsfILF, Ekta Jagaragallu, 9834811607, ekta.jagaragallu80@iragecapital.com, 170
363, zxQ9CC0JI3qkzSaa, Mubasshira Parihar, 7687104402, mubasshira.parihar55@teradata.com, 323
364, HyyEBaXWollsaOXh, Rishika Islam, 7507584511, rishika.islam24@rippling.com, 282
365, 08HH0kVEuhgcIn8z, Aravind Parashar, 7339840923, aravind.parashar75@numadic.com, 239
366, n3FfqFP68KyEH70A, Sania Arora, 8384119400, sania.arora18@kubric.com, 190
367, 1TUikWM8B5TQ2YWe, Divyaraj Kwatra, 8494392180, divyaraj.kwatra34@accelaero.com, 4
368, BoeFZYgrTApa0CZW, Deepak Sagar, 9489156430, deepak.sagar76@corning.com, 73
369, 1gZ87cki6gg5kHuU, Indra Selvaraj, 8088104230, indra.selvaraj52@examroom.ai.com, 98
370, 5DplNHxqpQXwYLkv, Pragya Azam, 7822518280, pragya.azam72@ai.com, 12
371, QzwBpvZNErrKl7Tc, Nivika Lakhmani, 7608826434, nivika.lakhmani55@exl.com, 99
372, bKJlg2wN7fJ36TSj, Kaif Rizwan, 8579667838, kaif.rizwan24@mavenir.com, 205
373, HZKJuEwBq2jHal5A, Om Anupama, 8638717707, om.anupama53@kylas.com, 191
374, WhC2DR93l696bOd6, Sanjeev Kaushik, 8137727967, sanjeev.kaushik49@jp.com, 180
375, V6X51B08w6Pz7pmj, Anushka Arif, 8081520668, anushka.arif47@famic.com, 103
376, LrrOdaQpA8xyMYO2, Anurag Ahuja, 7984272852, anurag.ahuja55@maq.com, 201
377, 2qlziNOuuzHstzVK, Anusha Sonawane, 9887339129, anusha.sonawane65@dynamic.com, 89
378, I6UmOU4ZAx9UTFhu, Avanish Grover, 9769653881, avanish.grover92@idam.com, 154
379, 68MY9DKVHYDCuXxq, Pratham Porwal, 9790077879, pratham.porwal59@finmechanics.com, 110
380, OLuH6hDxGGltZOYz, Shilpi Bhardwaj, 7577687332, shilpi.bhardwaj91@mindtickle.com, 222
