recruiter_id,recruiter_password,recruiter_name,recruiter_contact,recruiter_email,recruiter_company
1,54ePN9CmAZjD8miE,Sahaj Malwan,7638454373,sahaj.malwan36@stride.ai.com,310
2,65eB7GhbeotvmNrF,Lakshya Masood,9617658910,lakshya.masood97@indian.com,160
3,5bHux1jCNRYU5nnQ,Shriya Jawed,9906977037,shriya.jawed45@pingahla.com,258
4,kQ4MfWCT1rSPLt8s,Raashi Pokhriyal,9731461672,raashi.pokhriyal70@sedemac.com,293
5,9k26klDtUeYztvkK,Akansha Mahapatra,9647450368,akansha.mahapatra53@orbees.com,250
6,uzYbI9NqSLTjpJF9,Madhu Raza,9202721274,madhu.raza90@flyfin.com,116
7,QaqSNIeTcfNiV1VR,Shreyas Kannaujia,9067454414,shreyas.kannaujia51@sandvine.com,289
8,UnjuAwnc7wtWdYwa,Bilal Aleem,9737973722,bilal.aleem76@aptiv.com,25
9,FLnW0rDY7Gnguily,Akhand Rungta,9144902148,akhand.rungta42@graviton.com,131
10,qcUJaaWxvlrySLxV,Aravind Tandon,8517843073,aravind.tandon11@oppo.com,247
11,BIXVxgePDTsjz170,Sejal Shenoy,7710449954,sejal.shenoy83@delightful.com,79
12,pyZFZTgjERU4WnmX,Deepro Saran,8655868608,deepro.saran50@honda.com,146
13,97gfW8XXFuTVwwBt,Diptanshu Dhaulakhandi,9444821224,diptanshu.dhaulakhandi11@barclays.com,45
14,DOQvF0WU3nwgCEeg,Nimesh Darshan,9535392621,nimesh.darshan23@exl.com,99
15,GtyNS7pL2UBQrWDO,Shubham Chopra,9753884442,shubham.chopra40@hind.com,142
16,w0GIUeq7L1S8eJdQ,Garv Shrivastava,9846849461,garv.shrivastava98@medibuddy.com,212
17,44CJzD9DgSZQLZS3,Shubhanshi Shinde,7662946467,shubhanshi.shinde6@mathworks.com,203
18,fKcWLGZILVjicqwN,Machhan Tandon,9417838853,machhan.tandon5@amd.com,20
19,D9JM4ti6UhtgubSN,Abhay Ojha,9686627970,abhay.ojha6@blume.com,48
20,Lr0KlizJCJsfSTI8,Jeevan Anupama,8668925443,jeevan.anupama32@numadic.com,239
21,UCg48zpdV9q1QMbH,Gnaneswar Mehrotra,7335918220,gnaneswar.mehrotra87@ubisoft.com,338
22,GurdaqLnoK6yv7RA,Meenal Suman,8629705690,meenal.suman37@decimal.com,78
23,rRza1EF0po8aG5n0,Devansh Kumar,9950850811,devansh.kumar72@eversana.com,97
24,5fYjCfGMH3Galdm8,Tamanna Bansal,7132568695,tamanna.bansal25@bajaj.com,43
25,jPD8GsWKudIN2b3N,Sangeeth Suman,7857726816,sangeeth.suman48@linkstaff.com,197
26,6jMj8ry3T6eCrwDk,Astitva Kannaujia,8794399175,astitva.kannaujia91@groww.com,133
27,MpMFYptFhPNvnfy2,Yachna Banothu,8098391269,yachna.banothu12@eightfold.ai.com,94
28,SDwAYhUaP5jLxaoZ,Palak Patel,9400536219,palak.patel29@oracle.com,249
29,ggLsxxRYcEQh0DeN,Manju Suchi,9024902896,manju.suchi71@quillbot.com,270
30,rpUb15T12ueZ5mmf,Gaush Tewary,9814507147,gaush.tewary70@oneshot.ai.com,246
31,SnXF8sXfr0FSejCY,Atishay Kanojia,9001549002,atishay.kanojia19@eduhap.com,93
32,DaCrGPggcfl1ycup,Himanshu Trivedi,8271807393,himanshu.trivedi15@agnikul.com,10
33,epNEYM9H7RNflhsV,Souvik Sarnobat,7457274937,souvik.sarnobat74@games24x7.com,123
34,D9iLK7B5bjrxtMdc,Atiq Alam,7439097520,atiq.alam82@arjunaa.com,26
35,NVUCF49Q2Fnd5bDD,Karan Jaitley,8417199865,karan.jaitley43@rambus.com,275
36,9F0KRXfaxOAcaL7d,Rashmi Jeykumaran,9290594958,rashmi.jeykumaran39@cohesity.com,70
37,XVreKjEdzppmO0Qd,Chinmay Bistagond,9119859202,chinmay.bistagond76@optym.com,248
38,H7tIzX5VhPFLAvJT,Jimi Jodha,8076770467,jimi.jodha4@cyber.com,77
39,FGIXopFIEubonvU0,Kiran Bhriguvanshi,8295609161,kiran.bhriguvanshi12@exxonmobil.com,100
40,hsnRO7a5UQoeVi5E,Anjana Ray,7289210646,anjana.ray10@truminds.com,335
41,rLA7LbG6m5N5XHQZ,Ritesh Gadge,9586705331,ritesh.gadge20@adloid.com,7
42,7jx97ZU1kRDrG2ov,Vishwas Meghwal,9250834415,vishwas.meghwal2@ikigai.com,157
43,a58E0hfoUmWrb2ic,Sadiya Taneja,8292047518,sadiya.taneja43@dynamic.com,89
44,2ScgHhsFq7AJx9fV,Soubhagya Rathour,7107814071,soubhagya.rathour79@tata.com,318
45,CG6ZqU1Y7Nuq66We,Sukumaran Madaan,9846698763,sukumaran.madaan63@futures.com,122
46,qmCmtDGaismPh1L9,Antara Priyadarshi,9498937883,antara.priyadarshi29@tata.com,319
47,L0N5z7bZV7yA2TOM,Chirag Raykar,8738321372,chirag.raykar81@uipath.com,340
48,7FtNFD9PwYC3PcbS,Babitarani Dagade,7178664476,babitarani.dagade25@rippling.com,282
49,3iPnL1vdF2YxZ1wn,Amitesh Varma,7587405657,amitesh.varma70@pepperfry.com,255
50,oHljsZitzpGaWmdQ,Anavi Bhadauriya,9313928934,anavi.bhadauriya10@icf.com,152
51,rQuXURoM5X5GxwUW,Nagjibhai Jha,7680219515,nagjibhai.jha81@john.com,177
52,WRyDOLLH6RJeSX2P,Samarth Kairati,8085221989,samarth.kairati24@meesho.com,213
53,gPJpP67vAYWzxkcl,Susheel Chhateja,8443114942,susheel.chhateja3@matrimony.com.com,204
54,S6pvqkhZ0TuZoASV,Furqan Rai,7437674470,furqan.rai92@mace.com,200
55,9v12HG1tocqfjPr2,Manshi Sekhar,8374368716,manshi.sekhar28@advanced.com,9
56,JF2uRax6nQGcrtxG,Ashirvad Jamloki,7511581154,ashirvad.jamloki86@atomberg.com,31
57,JX67kazcwUhFaOaZ,Ayesha Khandekar,8308657738,ayesha.khandekar78@edge.com,91
58,S2xlWPreyUqpOQSF,Amish Sachan,9837072782,amish.sachan61@richpanel.com,281
59,eiUuKYWcWEEaTUPj,Sayan Ganore,7583492563,sayan.ganore91@wipro.com,357
60,nRoLdWCZdw8kwOAg,Anmol Garud,9676550867,anmol.garud23@curadev.com,76
61,QyDeFx64FaJnJjly,Ashit Chopra,8223515821,ashit.chopra68@dhani.com,81
62,QiJwh0WOABuvk3tL,Satwik Gehlot,8731533212,satwik.gehlot73@hindustan.com,143
63,Ji8oyawrfdi3Nj5z,Omkant Pant,8034672501,omkant.pant37@nvidia.com,240
64,LBklem3WtYK35wmz,Siddharth Kulkarni,7634202589,siddharth.kulkarni56@qualcomm.com,266
65,ofC0zsuyyFfNZtrA,Jaswant Bistagond,8098503586,jaswant.bistagond96@mastercard.com,202
66,54znpxBcx8KPT6od,Rekha Choubey,7795291459,rekha.choubey75@ava.com,39
67,GT7HrSFrprsvYpSw,Pankaj Ahuja,9802242826,pankaj.ahuja82@ormae.com,251
68,OsRLyxK97L7QVt6s,Devyanti Gangwar,7227640209,devyanti.gangwar40@plutus.com,260
69,HfS0qiPTmDFFcnKj,Krishna Alam,8705374374,krishna.alam53@apt.com,24
70,lv6Da8fBgz0zsqBz,Shubhendu Jivani,8477544024,shubhendu.jivani63@virohan.com,350
71,W89SZiiB0tME6q6E,Ravinderpreet Shrivas,8315214200,ravinderpreet.shrivas7@sap.com,290
72,4UAyszcohdq1OfN6,Sahaj Jhindal,8797767874,sahaj.jhindal53@menon.com,215
73,4N6kAAm7NebGWOFS,Sudhanshu Waykos,9246922076,sudhanshu.waykos17@accenture.com,5
74,Jdau68tho8pGoI0k,Sania Darshan,9752661097,sania.darshan50@winzo.com,356
75,C8LiAMqwBbc84VnO,Mukesh Jaitley,8458031698,mukesh.jaitley72@ai.com,12
76,kgWAWLf24y6VCa6D,Sanjit Dinu,9654909107,sanjit.dinu91@hitachi.com,144
77,NuDPFN8ZvqeuyEq9,Manya Mahalka,7380300901,manya.mahalka58@hfcl.com,139
78,6uj4wqECMytgp4K2,Varenyam Gite,7806557566,varenyam.gite42@edgeverve.com,92
79,XnYOz0kn2GkMrWZM,Jenamani Nadhe,9117293733,jenamani.nadhe78@al.com,14
80,y9SoyLWIZxVaPEAK,Mahima Aenugu,8941187434,mahima.aenugu73@nation.com,230
81,gXJcqWjcwlxieWhl,Anunay Sarnobat,8895746560,anunay.sarnobat82@invygo.com,169
82,wSFvsdf0PG0SSyH9,Ragini Gujrati,9737341778,ragini.gujrati78@unacademy.com,341
83,xTKgeq9a9oriGv3t,Kalapu Priyadarshini,9590673182,kalapu.priyadarshini28@property.com,264
84,wl1DgzgS4A7eya47,Lakshya Patra,9966950798,lakshya.patra54@worldquant.com,359
85,sfxxlNo73LLxheZC,Poornima Parihar,9203657055,poornima.parihar78@silabs.com,300
86,STwTZM7rpZwl71rR,Uttam Jauhari,8360721010,uttam.jauhari51@iragecapital.com,170
87,NKA4k9FYY5HmfAhr,Tharun Chandel,7975822828,tharun.chandel62@atyati.com,32
88,ppBUcSuISksqsoQK,Shambhavi Adhya,8060122071,shambhavi.adhya5@schlumberger.com,291
89,3dCc3GeksSKss5Gs,Mayur Chaurasia,7328482445,mayur.chaurasia48@honeywell.com,147
90,Ib4cUQiHbiXW9O8N,Nageshwar Parashar,8343841529,nageshwar.parashar22@rupeek.com,284
91,qZfsc1FztuASnh4j,Prabhu Bhalla,7844324634,prabhu.bhalla6@texas.com,325
92,7y9OUJ8JoS9ykN9C,Noorsaba Khare,9166310731,noorsaba.khare85@capgemini.com,59
93,5vjREA5S8126l924,Harshraj Rao,7472099767,harshraj.rao36@itiviti.com,171
94,f6jKhGTLenmwMRsu,Aayushi Praveenchand,9938628104,aayushi.praveenchand65@standard.com,308
95,dNHmNFkUXqsG2NFS,Priyanka Singam,7642556114,priyanka.singam19@technoforte.com,322
96,u4MVfcuYSDUhVcNd,Shahansha Kanchhal,9654252433,shahansha.kanchhal2@brnd.com,52
97,sQgRWCawQ5E5YQLR,Shiv Adhaulia,7558084439,shiv.adhaulia97@mrf.com,224
98,whwmP1NhRNDYK2c9,Dipa Shaji,8553663237,dipa.shaji8@autolytics.com,38
99,i96fMNngzagyecXh,Bramoni Kansal,8098847419,bramoni.kansal92@gulftalent.com,134
100,VwZcnzTGh348lLIb,Tharun Shahid,9573129599,tharun.shahid82@taiwan.com,316
101,cjQuooAnwME4bBhO,Thaanya Nair,8509023462,thaanya.nair63@quicksell.com,269
102,RoCJzCdohvUlCrLT,Anmol Chaturvedi,7454789784,anmol.chaturvedi3@advanced.com,9
103,FNRgz8oA8xcI1RQb,Hemanshu Lamba,9535543984,hemanshu.lamba13@fiserv.com,113
104,H7FSko2BWXVmNDKF,Anubhav Kushalappa,8140410130,anubhav.kushalappa22@sprinklr.com,307
105,SI7129wFDDl7Gy5y,Gyanvi Singh,8253152583,gyanvi.singh92@trilogy.com,333
106,izTipGhZi82DnfP3,Geetika Arif,7437056872,geetika.arif70@kla.com,186
107,myQrxEXRE804EPTf,Saumile Jeykumaran,8735616641,saumile.jeykumaran2@fcs.com,107
108,n9teKxF8JBQvM5VY,Shreyasi Chaudhari,7842263915,shreyasi.chaudhari66@innominds.com,167
109,Kn6iKiKPMGw47YJj,Sadiq Malik,8071025965,sadiq.malik42@idfc.com,155
110,i0Mf4OPVZYubWsc5,Suryakant Kulkarni,8306150608,suryakant.kulkarni26@pristine.com,263
111,CRH2T5m1YTKTpcAR,Faraz Uppal,8445920213,faraz.uppal93@arthur.com,28
112,17RJticQjBEUiLON,Devashish Jay,7222792219,devashish.jay13@logixal.com,198
113,2kUTdfYaIsMzrH8R,Kartik Juneja,8353050910,kartik.juneja4@capital.com,60
114,CwN09HEknnCArch2,Aaryan Meharda,9479191443,aaryan.meharda48@vamstar.com,347
115,6SPKFfb5iPuernWc,Shailvi Banothu,7036255617,shailvi.banothu30@swiggy.com,313
116,qKpu27rIMabNUp70,Hemanshu Kasera,7409847364,hemanshu.kasera70@sulzer.com,312
117,1W8x4AL1AKvIK75G,Saket Goyal,8579336926,saket.goyal73@microsoft.com,220
118,yHo6juQHf5Q9e4r3,Prastuti Pareek,7031772415,prastuti.pareek30@rebel.com,277
119,j9nQvBJgbbhpEodT,Surbhi Gujrati,9615688548,surbhi.gujrati15@paperpedia.com,253
120,rzQOWKICHttyxV3F,Ramsundar Shenoy,8059540148,ramsundar.shenoy40@selec.com,295
121,vD8qjcD4K4kqGJU3,Shambhavi Trivedi,9199251831,shambhavi.trivedi46@toddle.com,330
122,HCSca8XSOtCzvmvC,Furqan Sood,8657271958,furqan.sood16@saavn.com,285
123,0RCpjLMcxS7KPmkA,Pallavi Oswal,9144823327,pallavi.oswal30@ola.com,243
124,QQQ2080qJu11YZ3Z,Aayushi Malik,7453315664,aayushi.malik13@deutsche.com,80
125,nM7wzL3Cztnz7kT2,Areeba Seth,9143886019,areeba.seth21@nec.com,232
126,weLfYoRfsB9LCMF8,Varnit Naqvi,8302197850,varnit.naqvi2@fsg.com,118
127,UswJKwppbcXL9rwD,Asutosh Aggarwal,9776343324,asutosh.aggarwal93@vmware.com,351
128,bSNjxWLkbsX9fS06,Apurv Shahid,9696717716,apurv.shahid75@josh.com,179
129,HMuvvjDkwT5FXVLk,Fatahun Goyal,7484556536,fatahun.goyal83@hilabs.com,140
130,wy7RhvmsSyykKW2O,Ruchi Sen,8769057424,ruchi.sen47@mediatek.com,211
131,o4EE7A26R2rpCDyA,Yashaswini Islam,9719032061,yashaswini.islam53@accenture.com,6
132,HS5SGRU0R8dDqwDX,Digvijay Rehman,8958713680,digvijay.rehman86@ai.com,12
133,fFzezOI9MxNS2kh3,Surendra Kanojia,8254558648,surendra.kanojia68@rakuten.com,272
134,Aqe3BymXQUVJMwMQ,Omkar Israni,9214533063,omkar.israni90@ria.com,280
135,GSlcwcxpFNfKivyg,Aparsha Motwani,8017300691,aparsha.motwani87@spacexview.earth.com,305
136,R4ZQbdmXjaiEjTxZ,Sharvan Bhadauriya,7074190824,sharvan.bhadauriya14@eaton.com,90
137,hevl67UQpx2gZknj,Jamir Kulsum,8944452041,jamir.kulsum74@axxela.com,41
138,0SqSDvsdkrVl1G58,Archita Kesarwani,8980258671,archita.kesarwani29@millennium.com,221
139,0AzguxbFDZyssQCb,Ashok Bisht,9552564126,ashok.bisht86@google.com,129
140,dSqhi5dNIwaIkdKE,Meet Malviya,9319260245,meet.malviya50@finmechanics.com,110
141,hstsAOV6uKVhmp2l,Anukriti Raza,7097878635,anukriti.raza46@hoc.com,145
142,27i6gOiAZW42NZ9I,Raj Sutariya,7716363273,raj.sutariya3@jsr.com,181
143,BZjSiYV5aq7DuYPz,Jeevan Bhattacharjee,8702028441,jeevan.bhattacharjee82@pandit.com,252
144,B7U7DL7dghfu4Anc,Gauri Heblikar,9508285058,gauri.heblikar34@kepler.com,185
145,kTLePRZnJYjp3zrl,Vaibhav Pravesh,9407931541,vaibhav.pravesh20@graphene.com,130
146,UpBESlEcek6BdL0i,Pradip Mehrotra,7553742839,pradip.mehrotra33@upl.com,345
147,cCu1sBKEyJvqlIIq,Sanjay Pereddy,9294869714,sanjay.pereddy38@indianoil.com,161
148,Yj2PvIfVuDy6VJvf,Archit Rao,7818885100,archit.rao57@mavenir.com,205
149,yq54F1wJfLZRUFAW,Sunish Nandakumar,7708746984,sunish.nandakumar80@cairn.com,57
150,dxMsAdwY46YSuidH,Manju Sen,9420512464,manju.sen84@doubtnut.com,84
151,hnlD5jgFbGSRs6iA,Sabareesh Ali,7775471834,sabareesh.ali85@alphagrep.com,15
152,U7HG20uWkOR8wzb3,Rupal Rausa,7362855590,rupal.rausa77@abacus.ai.com,3
153,31nAH1rcadzATixc,Amol Kwatra,9016901135,amol.kwatra89@accelaero.com,4
154,jg9qQeqsarogokEO,Zeal Meharda,7685277580,zeal.meharda70@digit.com,83
155,5aswK3SXNXintLMO,Nainika Teja,9275008657,nainika.teja95@jay.com,175
156,fwUGR7JmADJTyelh,Pragun Saxena,7919808443,pragun.saxena98@indus.com,162
157,SS7C4LJZdgVFLPnY,Mythili Jhindal,7443083608,mythili.jhindal71@napcloud.com,229
158,7SmHQKtM9y4cWVZQ,Chandra Bugalia,8058928528,chandra.bugalia82@american.com,21
159,ugRnIPpo9N2skxVX,Jaypreet Dudeja,9895445367,jaypreet.dudeja49@micron.com,219
160,a6u8P3uq4s911Mvo,Prajjwal Shoaib,8566153632,prajjwal.shoaib3@browserstack.com,53
161,ypnez9p75ioSkA8h,Bhawana Priyadarshini,7472960923,bhawana.priyadarshini70@true.com,334
162,d560PIEo71XOXyyB,Arpita Kasaudhan,9983311553,arpita.kasaudhan19@jaguar.com,172
163,8yuUFvAxFoxSl79D,Rehman Ansari,9848223647,rehman.ansari60@amazon.com,19
164,0DFIylJpPMZIJA9Z,Omkant Suchi,8272972040,omkant.suchi37@tcs.com,320
165,3fCvHiwxmKrM41n6,Ravinderpreet Khatri,8481940560,ravinderpreet.khatri35@nobroker.com,237
166,bF8jaJkBJ0LZLDOX,Vibha Souza,7195643339,vibha.souza41@colortokens.com,72
167,XlGK6npYbrN2CjmZ,Ashish Shingh,7059669191,ashish.shingh29@pricewaterhousecoopers.com,262
168,bN0BURqFArGHIjNV,Shriya Jadhav,7116016932,shriya.jadhav34@examroom.ai.com,98
169,NP0vEyR2py8wAPGp,Amish Baliga,9689114630,amish.baliga17@linecraft.com,196
170,NaDpoPa0xrC5mi5A,Vijay Shokeen,9914263960,vijay.shokeen24@byju's.com,55
171,IZvuL6iyR1nXrtXt,Puneet Mahajan,9225055585,puneet.mahajan41@piramal.com,259
172,7V2QykEwpxRFGhaf,Shailendra Bhaskar,7597617489,shailendra.bhaskar15@amazon.com,18
173,puFdtgfRKNzdLAGW,Smitesh Haokip,7774739712,smitesh.haokip15@sysmex.com,315
174,4UqyThhKk0RU8SeX,Savan Kumari,9807561441,savan.kumari80@cirel.com,66
175,YglIJ7JVh0uFDFIU,Fatima Hansdah,9557077472,fatima.hansdah93@beehyv.com,46
176,d2DpmUEftKCKy6ls,Prajjwal Jauhari,8721284619,prajjwal.jauhari81@dr.com,86
177,3H3cAGmDRvjV3KzQ,Khalid Samaddar,7429521155,khalid.samaddar51@general.com,125
178,QruP3t2TYbwDFphC,Sanjeev Kulal,7168447283,sanjeev.kulal28@trantor.com,331
179,xzs5mYFFoSYZ7i0h,Priyanshi Chaubey,8294666323,priyanshi.chaubey52@fare.com,105
180,a5u40Mq0P491iW4l,Aayush Dadarwal,8782405998,aayush.dadarwal67@world.com,358
181,KVxgSqVjViI1esDm,Ratnesh Mittal,9292579798,ratnesh.mittal31@calance.com,58
182,YQCDCk36vUsS0laf,Vedanti Kaushik,9316242118,vedanti.kaushik36@goldman.com,128
183,wUEc8rjODfbpXSBW,Tushar Porwal,8888478717,tushar.porwal77@first.com,111
184,q7yOHxaNmeE859KM,Abhaysinha Preetham,7736958776,abhaysinha.preetham81@nxp.com,241
185,EbvwCeeli21VPlYS,Hitesh Arif,8850290914,hitesh.arif16@leo.com,195
186,LZZDEzHs7Zn6PTNN,Sudhakar Narayan,7235297137,sudhakar.narayan35@aurigene.com,36
187,5DeNSY0sI72xTELp,Mritunjay Nasreen,9537892172,mritunjay.nasreen6@johnson.com,178
188,XnU2tuecAlz31lIp,Qarib Sahai,9880597146,qarib.sahai87@zs.com,362
189,fhcNkvlCRryGwsvC,Ashal Dudeja,8944308030,ashal.dudeja55@corning.com,73
190,zaIAcW0mWRUtbTkL,Indora Durgavanshi,9044490275,indora.durgavanshi77@mckinley.com,207
191,rc9459zV0gioNA1B,Abhijeet Guduri,7569573002,abhijeet.guduri20@cardekho.com,61
192,uQCypno6cmTFMgrZ,Tanupriya Rauniyar,7910740514,tanupriya.rauniyar86@indeed.com,159
193,DKLhMUof5kE79VC9,Aisha Bapat,7235165741,aisha.bapat92@axtria.com,40
194,nPY8xIfvH1N5rKWG,Shalin Anupama,8969504074,shalin.anupama5@jp.com,180
195,yMRt166qywRqyYDS,Aaryan Mann,8083167704,aaryan.mann2@amagi.com,17
196,ZSnA658PTAwpdwVV,Vaishnavi Chavan,8500272903,vaishnavi.chavan79@company.com,1
197,gMuU3qHM5sLTKkfN,Nithisha Gayathri,8635943139,nithisha.gayathri92@unistring.com,343
198,l3wzHlcw2SvIMU91,Deep Mukhopadhyay,9337811751,deep.mukhopadhyay93@tvarit.com,336
199,GEQNGtYvshBj0D2I,Mayur Mangla,9989869613,mayur.mangla32@uber.com,337
200,SawHzFofclKijuDV,Kashish Manju,8577663297,kashish.manju68@jaro.com,173
201,j3c4V0zAsSjSg9SK,Yashika Garg,7088535347,yashika.garg92@adobe.com,8
202,p1lOjLsRc2Sx24HN,Sulochana Sen,7302266328,sulochana.sen2@zoomifier.com,361
203,63SYV14qMj1hBMa7,Vaishavi Malik,8845266935,vaishavi.malik27@genpact.com,126
204,f4TZdxueVNoJS0mZ,Sarath Singh,8289508479,sarath.singh43@threesides.com,328
205,2CJvNbASUuYa45Rs,Archana Belide,8480669888,archana.belide97@mindtickle.com,222
206,BYqrJf2XL1WA9Vit,Leena Jivani,8783563641,leena.jivani49@fis.com,112
207,LZXb4rzcATKqfllI,Sajmi Francis,7927906577,sajmi.francis90@agnikul.com,10
208,JuqnIuFrl6aLUoUb,Suramya Randhawa,9994315138,suramya.randhawa32@kearney.com,184
209,mDlgjwT5msW7wG6K,Aamra Kumar,9725086894,aamra.kumar10@wells.com,355
210,GN05Kv6Olu1hF8gw,Abbas Singhania,7508675920,abbas.singhania86@one97.com,245
211,jiKSf8hmyJddCZzr,Suresh Shandilya,8848187543,suresh.shandilya77@fn.com,117
212,lpVXHLASqOHLrkyG,Ashmita Negi,8182326290,ashmita.negi37@kylas.com,191
213,QZwMx2cBuC7JlekW,Ayushman Solanki,8963248409,ayushman.solanki13@tata.com,317
214,iWdgDrtq0EGOahjw,Shilpa Pant,8594861276,shilpa.pant72@subedar.com,311
215,gyjCAzqYUxAk0ZB8,Vaibhav Hanif,9591790123,vaibhav.hanif45@company.com,1
216,rKM1K6auRaTsbARp,Anwar Prasad,9034160518,anwar.prasad75@newzera.com,234
217,lO6RcFxQAlncmYHt,Divyam Mhaske,7190999153,divyam.mhaske18@icici.com,153
218,qV0pfOuglR9Vxns5,Saloni Mahajan,7127005406,saloni.mahajan82@vvf.com,352
219,cWZHSREk2FLuVOws,Rana Soni,8350391234,rana.soni84@infurnia.com,165
220,p5V2GFSFf8EnZWqE,Khanak Mourya,7218865446,khanak.mourya1@xilinx.com,360
221,tWxnTVvXWLRlN7FN,Ruchi Zehra,9592828047,ruchi.zehra65@sigmoid.com,299
222,hzUJkOMrXzMM8B30,Sitaram Arya,9059681541,sitaram.arya97@applied.com,23
223,TtuJLAnLNTxRb4Ha,Shresth Katta,9798166510,shresth.katta61@lowe's.com,199
224,zhnPnqEMBTGzOZwB,Priyanshi Mahajan,9903591499,priyanshi.mahajan32@samsung.com,288
225,B705I73HmbZ9dFBb,Sadiqa Kukreja,9823573513,sadiqa.kukreja48@slice.com,302
226,bvgyEdQwPZIEEPQV,Sawan Bistagond,7846612585,sawan.bistagond79@citi.com,67
227,V10oCeBjfyZsvQ2E,Tariq Varma,9857164320,tariq.varma68@dhl.com,82
228,sHCfY97zxKGdQnvu,Tamanna Hasija,7315833895,tamanna.hasija76@murata.com,226
229,b5Jd9Iq4Avcl83a5,Kashish Kochar,7396035859,kashish.kochar85@accenture.com,5
230,MILgP0iRikd9PDbj,Ankita Sain,8512632299,ankita.sain83@upstox.com,346
231,rxpIvM6DAYsBxtFB,Shreyansh Krishna,9002202076,shreyansh.krishna61@maverick.com,206
232,pIbn1yO6K7AYCoYg,Annushka Heblikar,9606643011,annushka.heblikar81@reliance.com,279
233,wcTxFSROGaLDV3mA,Sony Chandra,7287269454,sony.chandra18@quasistatics.com,268
234,CgIf1wWpZ2viLgME,Ragini Nandakumar,9019264720,ragini.nandakumar57@famic.com,103
235,3xYjXTIFQfn5xQ5F,Sahaj Bhatia,8763209591,sahaj.bhatia72@hilti.com,141
236,l7jbunsCxxjwNmU1,Hari Koppula,9686781426,hari.koppula79@bombinate.com,49
237,IOtk3FomlCwD6QfN,Chinmay Mitra,9726860058,chinmay.mitra39@teachmint.com,321
238,VFIQN6bURk35Gdq5,Bhavesh Parashar,7791090672,bhavesh.parashar71@samsung.com,287
239,n9rcd0vmmjd8cW5m,Anavi Randhawa,9402158834,anavi.randhawa52@coupa.com,74
240,4W0FGPUIxKKqLC5Q,Anadi Putta,9551079187,anadi.putta70@fuji.com,119
241,8QMwYRN6BUElqk43,Gitika Jose,9141891074,gitika.jose52@fiitjee.com,108
242,WswoFcPFrW6hLZV0,Kushal Sinha,7330389745,kushal.sinha27@dremio.com,88
243,UkEmp2RKABs2SmK4,Raashi Rajak,9727686064,raashi.rajak28@factwise.com,101
244,MhThkvrkcJaJNDhz,Devendra Suri,7575373364,devendra.suri27@ifm.com,156
245,GWnXghnigcHw46ip,Saudamini Kaur,7875611047,saudamini.kaur14@media.net.com,210
246,EyS02Zwy190eUpTy,Udit Koppula,9309728225,udit.koppula66@abacus.ai.com,3
247,NXtIBEkHkWsSpIKI,Prashant Kasniya,9717756951,prashant.kasniya41@finiq.com,109
248,9XM1xWVPYeJYkmTK,Tanay Nanwani,8241554751,tanay.nanwani66@karza.com,183
249,PdmIwO57mEmwqVNl,Aarvi Gujrati,9420883425,aarvi.gujrati28@ceremorphic.com,64
250,Wf9aztDpGkvdOHfH,Unnati Veerepalli,9948507615,unnati.veerepalli88@groupon.com,132
251,6oViEudeMPS1I3OG,Safin Meena,8090355052,safin.meena7@jaymahesh.com,176
252,w3gpggrWGTvoyzDo,Satwik Nandakumar,8365110011,satwik.nandakumar47@bain.com,42
253,dyRiW1ryRX7M3rn2,Vineeta Khandelwal,7277556305,vineeta.khandelwal8@walmart.com,353
254,Jxx7qmB1JLXHiI8S,Grover Majeed,7932672273,grover.majeed73@meghe.com,214
255,ePumbuFvIJqJ8fJm,Nitin Zaidi,7533076929,nitin.zaidi45@testbook.com,324
256,AfybJrfBUwlqqDv2,Abhimanyu Rastogi,7963121990,abhimanyu.rastogi34@quintics.com,271
257,kAnN5ZyIROfFnz5u,Prakhyat Rizvi,9564900009,prakhyat.rizvi31@cadence.com,56
258,CHTn3xBvtXqa41vi,Khushi Bansal,7237617289,khushi.bansal82@seimens.com,294
259,j7dKBPOHVtExa0he,Annanya Ray,8117652227,annanya.ray64@rakuten.com,274
260,lDhKFyf6AIRYQdwB,Shaileja Nandakumar,7416143861,shaileja.nandakumar84@mu.com,225
261,AClIsSmT2pn5d10h,Sonu Quadiri,8087384448,sonu.quadiri35@airbus.com,13
262,S7w1DT6w9EWFurKx,Shilpa Nagoria,8168013810,shilpa.nagoria5@quantbox.com,267
263,MziPUxYLMSyeRgFJ,Srishti Deo,9790702319,srishti.deo86@amnex.com,22
264,b67djtl5DTV18X15,Shibashis Rishiraj,9058862186,shibashis.rishiraj67@skeps.com,301
265,hCCUgApn1EYR1y2V,Gaush Bindal,8777856988,gaush.bindal10@amazon.com,18
266,1dMKqEdlLFuln6gi,Vaishali Kar,8219325568,vaishali.kar31@blackstone.com,47
267,29s5XUkn57UdP2V2,Chandra Bindal,8305271990,chandra.bindal49@impact.com,158
268,84eVApnhNS7qN5Ik,Ganesh Sachan,9795956247,ganesh.sachan46@arpwood.com,27
269,dKFDa1Rska7O8SQz,Kausar Dagade,8537489936,kausar.dagade21@siemens.com,298
270,70MlBb0auEjSBwNT,Utkarsh Khatri,7773599685,utkarsh.khatri3@huawei.com,149
271,481JcKi5UKbuYJSt,Faraz Wagh,9176089825,faraz.wagh8@adobe.com,8
272,KkEgbtdmFdGjuU8U,Pooja Sonawane,9659609668,pooja.sonawane27@helium.com,137
273,AM0izGm1pmAL4eVz,Arun Sura,8047829898,arun.sura11@komprise.com,187
274,nVbCui5VNlQl2mWY,Lakshmi Gond,8404135898,lakshmi.gond48@ingram.com,166
275,FozXxzLC5HuulvNp,Virat Ojha,7639913875,virat.ojha53@morgan.com,223
276,BF78z5mSPLAuG3KY,Aryaman Pereddy,8971938582,aryaman.pereddy70@l.e.k..com,192
277,DQCohydZfeO5F6xM,Dipa Goswami,8299892491,dipa.goswami37@wcb.com,354
278,B2b2HOHJqxTPZHwS,Avanish Gujrati,8779929174,avanish.gujrati12@falkonry.com,102
279,YTpjTejwBGbR8Blg,Anshit Mourya,9018433239,anshit.mourya29@cargill.com,62
280,QNnJHiI6CZK07mBI,Gunjan Gond,9859133650,gunjan.gond7@dpworld.com,85
281,08s33fgnYPGqxEwd,Shaqib Lalchandani,9538053768,shaqib.lalchandani82@fundwave.com,121
282,N7vnQqAshVhds7WH,Ramandeep Raman,9984643151,ramandeep.raman78@boston.com,50
283,InbsM3uS18N9u2LQ,Isha Deshmukh,9391559264,isha.deshmukh67@javis.com,174
284,zW67SCzBxk0uCd3M,Varnit Afsar,7333268358,varnit.afsar32@astrome.com,29
285,FxTgkyfcC00vHwYg,Jagriti Jhindal,9904779142,jagriti.jhindal90@trident.com,332
286,4s3WZplpZKS4dvns,Nethaji Kansal,7359960331,nethaji.kansal91@times.com,329
287,PUR1ygPQobtTEGTv,Angad Fathima,7695322020,angad.fathima49@general.com,124
288,7rWJKFeCNgWDLyF7,Karan Dhaulakhandi,8391234926,karan.dhaulakhandi35@bukukas.com,54
289,XGzoqkRJTpo68G2x,Sadiqa Upadhyay,7639326058,sadiqa.upadhyay93@thirdai.com,327
290,tUHXKhrC4zvjanZr,Anshul Jhindal,8564271840,anshul.jhindal5@quadeye.com,265
291,7qsOREW5oaoyY6Je,Rajiv Anand,7763326320,rajiv.anand32@enphase.com,95
292,Z9i5bC1XnYe5H9U2,Shwetanshi Sahu,7583353440,shwetanshi.sahu53@infogen.com,163
293,sxEvsUNtoZnBTkX9,Suhaas Chawla,7960315825,suhaas.chawla17@legato.com,194
294,j6U3dWcY4GKH502i,Amrutha Banothu,8713645029,amrutha.banothu8@spectrum.com,306
295,cPMxrfbhQCfuKfKA,Snehit Dikshit,8796756238,snehit.dikshit37@robert.com,283
296,HAZ8oekWsPI2ijaW,Hartesh Vasistha,9267451430,hartesh.vasistha87@aura.com,35
297,x90txcen6kjPPulK,Palata Oswal,9457851237,palata.oswal59@kotak.com,188
298,UTbPQ2bxdGW1HFgr,Vishwadeep Maheshwari,7411856935,vishwadeep.maheshwari59@here.com,138
299,pumAXOJEESWVfYqM,Kanchan Aleem,7699887717,kanchan.aleem28@cubastion.com,75
300,1thPHeTBNBFQRrJX,Jeyahar Raj,9588121601,jeyahar.raj91@fujitsu.com,120
301,gXUyvGCsGonEn9Ra,Abhinav Gaikwad,8975148672,abhinav.gaikwad44@agri.com,11
302,DwuSlRozSAPGZZS7,Soniya Praveenchand,7865314746,soniya.praveenchand44@fast.com,106
303,hhTHXrSfZxj7aiE7,Kavish Purkayastha,7408298592,kavish.purkayastha2@navi.com,231
304,VMPcElse3Wp2kFCv,Yashovardhan Dinu,8534766077,yashovardhan.dinu7@niyo.com,235
305,iXv7ISp3bFiI4TzA,Karan Bais,7670981472,karan.bais12@sony.com,304
306,M3ujbjM7WpSjh2ht,Shikhar Prajapati,7922186016,shikhar.prajapati23@cogo.com,69
307,KGNet6kvCouDkmjo,Sanjana Mehta,9828951653,sanjana.mehta47@bank.com,44
308,Z3WxdX0neHH4JAds,Aatish Bindal,8083255938,aatish.bindal50@hsbc.com,148
309,Ru2tQEy5VyglDKdq,Souvik Johari,7697170792,souvik.johari30@centre.com,63
310,nFrxXi4xZtkrC1WH,Srasti Rungta,8970203950,srasti.rungta52@flipkart.com,114
311,2HfnHHj6ilMpMk6I,Supriya Trivedi,8889204851,supriya.trivedi51@accelaero.com,4
312,Ra8kWDtk804dXuSQ,Shubhanshu Anam,9782605640,shubhanshu.anam83@kubric.com,190
313,qvYfiPMsmxCWKzLT,Soumitra Kairati,7197285842,soumitra.kairati63@rakuten.com,273
314,CWgOf3yEPYpHkfK3,Devbrat Navas,7093512356,devbrat.navas80@merilytics.com,218
315,47YjBa2UWLmhjgYX,Vidhi Khandelwal,9397157956,vidhi.khandelwal52@mercedes.com,217
316,8iWP4aJK5P0jeDsP,Bhawana Jhindal,8585500989,bhawana.jhindal70@chalo.com,65
317,6at5Y4nGZS8973NB,Raghwendra Nigam,7570950625,raghwendra.nigam50@au.com,33
318,ZIhl9ZU7UWnNmBPQ,Atif Jay,9622619239,atif.jay26@i3systems.com,150
319,YxoAWqNzp5G7PVmL,Adhyantika Wasif,9657341242,adhyantika.wasif9@mckinsey.com,208
320,NeQbZn7pYXrd8O2C,Aparsha Dhamane,8992902240,aparsha.dhamane51@kanan.com,182
321,2Oq2NXHGKdE0nrLT,Soniya Sekhar,8626792462,soniya.sekhar49@accenture.com,6
322,KI3Eiua7aUWC6IXg,Ranjan Khobragade,7552335631,ranjan.khobragade25@alvarez.com,16
323,QdfmIve5RqfelxQe,Shreyansh Chitranshi,8428662283,shreyansh.chitranshi37@agri.com,11
324,bwN2Zw909Zj3ik6E,Yashveer Chechani,7363211423,yashveer.chechani46@alvarez.com,16
325,G5slqhp0bgoPky2l,Kritagya Khatoon,7816623593,kritagya.khatoon6@krista.com,189
326,alEikZgxcS6NQyUw,Abhisikta Azmi,8813725434,abhisikta.azmi51@atlassian.com,30
327,A6OrUw4cxiXUgcpE,Ahinsa Sareen,8773759269,ahinsa.sareen75@coindcx.com,71
328,sPl4wLx54HOW1S4x,Vandita Pathak,7462691709,vandita.pathak22@hdfc.com,136
329,aPgijQRpfhET2jEK,Akash Sareen,8417672627,akash.sareen46@esri.com,96
330,EVFKvWhQiv2wJEzL,Kashif Inavolu,7109963174,kashif.inavolu27@flow.com,115
331,wZXUJHDFLStDDQIT,Narayan Middinti,8952505835,narayan.middinti86@mentor.com,216
332,CZzXwhKcnq9hffGz,Dhairya Dagade,8527634539,dhairya.dagade44@myntra.com,228
333,gEU0FOEeCT8z9OIK,Hemlata Kewlani,7547948484,hemlata.kewlani28@alphagrep.com,15
334,lztiMLcnGMHhbhcR,Mayukh Mukherjee,9125387036,mayukh.mukherjee2@maq.com,201
335,AVxvUNT43H7McQhL,Thirukural Dhaka,9410541312,thirukural.dhaka24@udaan.com,339
336,pv9BSatB4fXXIsQq,Raghav Meghwal,7248056691,raghav.meghwal57@safe.com,286
337,j6tQ8NYxMj73p2tH,Angad Singh,8321968741,angad.singh56@infosys.com,164
338,BAeuvvyYmVCYfzV4,Khushi Sarawagi,9501569530,khushi.sarawagi36@ibm.com,151
339,Td7Ncev5zzyOZeul,Shalini Soni,7487639448,shalini.soni86@brigosha.com,51
340,XAunXvXifzThr9LB,Yashika Bapna,7238871523,yashika.bapna80@lambda.com,193
341,9sBSslrge03nnsU9,Nimish Virani,7747440360,nimish.virani52@searce.com,292
342,KvSv1XLChNPm8yss,Sankalp Haokip,7116651568,sankalp.haokip40@reliance.com,278
343,RBM9AZCTPKoYzksc,Shrikant Suri,7244089515,shrikant.suri53@vimaan.com,349
344,zn2y8CfTHNqg1KXO,Kshitij Wanve,8783737101,kshitij.wanve16@razorpay.com,276
345,G6KmJYQKg0GCINyn,Swarnava Kushwaha,8848228454,swarnava.kushwaha51@shell.com,297
346,YvJjJJp6ePIUdLUA,Ankush Nalla,9903696733,ankush.nalla55@netcracker.com,233
347,IjHQWogdOJDnemuL,Geethu Yadav,9647633560,geethu.yadav36@sharechat.com,296
348,YOOOJyNPNrbdsMrm,Upamanyu Kar,8314080694,upamanyu.kar88@auctus.com,34
349,IDvQhJiHkHtqLwR2,Vaibhav Raman,8616919019,vaibhav.raman46@dream.com,87
350,X3BYrIj3OwDV2PyP,Keshav Lavudya,9132956318,keshav.lavudya56@uniorbit.com,342
351,Oq4x55BlnpNgkmDi,Saksham Pant,9526897566,saksham.pant80@aarti.com,2
352,MHEXb51o2bWFNri8,Arish Bugalia,9323162675,arish.bugalia8@aarti.com,2
353,6QtfYUlzgNbF89Zt,Priyanshi Khokhar,8424746977,priyanshi.khokhar50@mckinsey.com,209
354,R7ItWzfDfnOSv9jM,Om Chaurasia,7199070134,om.chaurasia6@uolo.com,344
355,ypb371S3EPLylg3T,Viraj Kashyap,9546242702,viraj.kashyap82@adloid.com,7
356,0Gw3DepSzFbSudZc,Shreyans Gangwal,9445335940,shreyans.gangwal23@hcl.com,135
357,6MIIoh4l2or43J33,Varna Bhukya,9037453977,varna.bhukya93@intel.com,168
358,her1zNLPStxi4oTW,Anwar Rathore,7002768955,anwar.rathore74@teradata.com,323
359,e3rx1C6o4gzkJMiV,Ruchika Tomar,9043220702,ruchika.tomar22@vantage.com,348
360,Qv4xjnG5B8b3dlXQ,Deepika Shoaib,8990309680,deepika.shoaib11@al.com,14
361,Xl9tyWTkwgsNfoC8,Miren Dutt,9630400821,miren.dutt23@perceptive.com,256
362,VZXZSTuQR8GaX2fr,Mukund Khandekar,7624360937,mukund.khandekar19@steradian.com,309
363,v9gG4yXWTHW5h6lG,Shabaj Hasnain,8914528543,shabaj.hasnain84@fancode.com,104
364,1b2CzNwFfJvx0yIJ,Renu Shaji,7710772336,renu.shaji67@synergy.com,314
365,u2EaKTxlgYQDOORt,Sajmi Kanojia,7654648870,sajmi.kanojia44@citymall.com,68
366,tOUOTAMgrTHhB6hm,Deepa Middinti,7352079909,deepa.middinti23@snapwiz.com,303
367,BTNTBv8yycCGpT8h,Abhimanyu Sitaram,9363273690,abhimanyu.sitaram84@olx.com,244
368,5ZTtMeb6dpzGwcWx,Zaineb Tulshidas,8997288931,zaineb.tulshidas67@mx.com,227
369,IFiSpVsAw11dhPTw,Sriansh Suresh,7913081532,sriansh.suresh86@the.com,326
370,fmtS7upDpF7kQQ5g,Nishu Majeed,9408969082,nishu.majeed2@auronova.com,37
371,aj6gqJeIKOUZs7cB,Sawan Sivan,7508969653,sawan.sivan37@o9.com,242
372,U1TfjGyXEIUaD7cz,Ishan Joseph,7864287217,ishan.joseph24@phable.com,257
373,Z8z0OR1kixZyHR73,Ankit Varma,7550423068,ankit.varma17@glean.com,127
374,rWlsVqUgklsvqrBD,Anita Jhindal,7327851737,anita.jhindal70@nk.com,236
375,PzVVdtqQ23vdN1yl,Sangeeth Atri,7691468055,sangeeth.atri84@praxis.com,261
376,J45Ko93gPFMtrscm,Aaryan Baghel,7127855179,aaryan.baghel2@ntt.com,238
377,3ixYewJSsSaoFA7y,Garvit Suresh,7768535215,garvit.suresh1@amagi.com,17
378,t7rqBUJM1imc4cpQ,Haider Quraishi,7509299773,haider.quraishi41@idam.com,154
379,Nd9urprasjg1Nb8O,Saudamini Selvaraj,8195641969,saudamini.selvaraj7@paypal.com,254
380,ojsxbP0k1ZP0hz1Y,Wasil Balot,8818705423,wasil.balot22@airbus.com,13
